# 周测题

- 创建名为tedu_ums的数据库，并使用这个数据库；

```
mysql> CREATE DATABASE tedu_ums CHARACTER SET UTF8;
Query OK, 1 row affected, 1 warning (0.07 sec)

mysql> USE tedu_ums;
Database changed
```



- 在以上数据库中创建名为t_user的数据表，该数据表至少包含：用户id(id)、用户名(username)、密码(password)、年龄(age)、手机号码(phone)、邮箱(email)；
```
mysql> CREATE TABLE t_user (
    -> id INT(11) AUTO_INCREMENT COMMENT '用户id',
    -> username VARCHAR(20) UNIQUE NOT NULL COMMENT '用户名',
    -> password VARCHAR(20) NOT NULL COMMENT '密码',
    -> age INT COMMENT '年龄',
    -> phone VARCHAR(20) COMMENT '手机号码',
    -> email VARCHAR(20) COMMENT '电子邮箱',
    -> PRIMARY KEY (id)
    -> ) DEFAULT CHARSET=UTF8;
Query OK, 0 rows affected, 2 warnings (0.07 sec)

```
​
- 向t_user中插入不少于10条数据，每条数据的内容尽量随机；

```
mysql> INSERT INTO t_user
    -> (username, password, age, phone, email)
    -> VALUES
    -> ('rick', 'pwd1', 99, '12341234123', 'rick@gmail.com'),
    -> ('morty', 'pwd2', 17, '12345678901', 'morty@gmail.com'),
    -> ('summer', 'pwd2', 19, '12345123451', 'summer@gmail.com'),
    -> ('beth', 'pwdd', 38, '12345123451', 'beth@gmail.com'),
    -> ('小明', 'ddddd', 20, '12345678911', 'xiaoming@gmail.com'),
    -> ('小红', 'ddddd', 30, '12345123333', 'xiaohong@qq.com'),
    -> ('小花', 'ddddd', 30, '12345432156', 'xiaohua@163.com'),
    -> ('aaa', 'bbb', 33, '12341234789', 'aaa@bbb.com'),
    -> ('zzz', 'ccc', 33, '12222222222', 'zzz@bbb.com'),
    -> ('hhh', 'ccc', 33, '11111111111', 'hhh@bbb.com');
Query OK, 10 rows affected (0.04 sec)
Records: 10  Duplicates: 0  Warnings: 0
```

- 删除id=7的数据；
```
mysql> DELETE FROM t_user
    -> WHERE id = 7;
Query OK, 1 row affected (0.04 sec)
```
​
- 删除id=2, id=5, id=8的数据（使用1条SQL语句删除3条数据）；
```
mysql> DELETE FROM t_user 
    -> WHERE id IN (2, 5, 8);
Query OK, 3 rows affected (0.10 sec)
```
​
- 将所有用户的密码全部改为888888；
```
mysql> UPDATE t_user SET password='888888';
Query OK, 6 rows affected (0.01 sec)
Rows matched: 6  Changed: 6  Warnings: 0
```
​
- 将`id=9`的用户的邮箱改为`frank09@qq.com`；
```
mysql> UPDATE t_user SET email="frank09@qq.com" WHERE id = 9;
Query OK, 1 row affected (0.01 sec)
Rows matched: 1  Changed: 1  Warnings: 0
```
​
- 统计当前数据表中有多少条用户数据；
```
mysql> SELECT COUNT(*) FROM t_user;
+----------+
| COUNT(*) |
+----------+
|        6 |
+----------+
1 row in set (0.01 sec)
```
​
- 查询id=9的用户的数据；
```
mysql> SELECT * FROM t_user
    -> WHERE id = 9;
+----+----------+----------+------+-------------+----------------+
| id | username | password | age  | phone       | email          |
+----+----------+----------+------+-------------+----------------+
|  9 | zzz      | 888888   |   33 | 12222222222 | frank09@qq.com |
+----+----------+----------+------+-------------+----------------+
1 row in set (0.00 sec)
```
​
- 查询username='frank10'的用户的数据；
```
mysql> # 先把我的那个用户名给改了
mysql> SELECT * FROM t_user;
+----+----------+----------+------+-------------+------------------+
| id | username | password | age  | phone       | email            |
+----+----------+----------+------+-------------+------------------+
|  1 | rick     | 888888   |   99 | 12341234123 | rick@gmail.com   |
|  3 | summer   | 888888   |   19 | 12345123451 | summer@gmail.com |
|  4 | beth     | 888888   |   38 | 12345123451 | beth@gmail.com   |
|  6 | 小红     | 888888   |   30 | 12345123333 | xiaohong@qq.com  |
|  9 | zzz      | 888888   |   33 | 12222222222 | frank09@qq.com   |
| 10 | hhh      | 888888   |   33 | 11111111111 | hhh@bbb.com      |
+----+----------+----------+------+-------------+------------------+
6 rows in set (0.00 sec)

mysql> UPDATE t_user SET username='frank10' WHERE id = 10;
Query OK, 1 row affected (0.00 sec)
Rows matched: 1  Changed: 1  Warnings: 0

mysql> # 然后开始回答这个题目
mysql> SELECT * FROM t_user WHERE username="frank10";
+----+----------+----------+------+-------------+-------------+
| id | username | password | age  | phone       | email       |
+----+----------+----------+------+-------------+-------------+
| 10 | frank10  | 888888   |   33 | 11111111111 | hhh@bbb.com |
+----+----------+----------+------+-------------+-------------+
1 row in set (0.00 sec)


```
​
- 查询username=frank10，且password=888888的用户的数据；
```
mysql> # 查询username=frank10, password=888888的用户数据
mysql> SELECT * FROM t_user WHERE username="frank10" AND password="888888";
+----+----------+----------+------+-------------+-------------+
| id | username | password | age  | phone       | email       |
+----+----------+----------+------+-------------+-------------+
| 10 | frank10  | 888888   |   33 | 11111111111 | hhh@bbb.com |
+----+----------+----------+------+-------------+-------------+
1 row in set (0.00 sec)
```
​
- 查询所有用户的数据；
```
mysql> # 查询所有用户的数据
mysql> SELECT * FROM t_user;
+----+----------+----------+------+-------------+------------------+
| id | username | password | age  | phone       | email            |
+----+----------+----------+------+-------------+------------------+
|  1 | rick     | 888888   |   99 | 12341234123 | rick@gmail.com   |
|  3 | summer   | 888888   |   19 | 12345123451 | summer@gmail.com |
|  4 | beth     | 888888   |   38 | 12345123451 | beth@gmail.com   |
|  6 | 小红     | 888888   |   30 | 12345123333 | xiaohong@qq.com  |
|  9 | zzz      | 888888   |   33 | 12222222222 | frank09@qq.com   |
| 10 | frank10  | 888888   |   33 | 11111111111 | hhh@bbb.com      |
+----+----------+----------+------+-------------+------------------+
6 rows in set (0.00 sec)
```
​
- 假设每个用户的年龄值都不相同，查询出年龄最大的那1个用户的数据。
```
mysql> # 假设每个用户的年龄值都不相同，查询出年龄最大的那1个用户的数据。
mysql> SELECT * FROM t_user
    -> WHERE age = (SELECT MAX(age) FROM t_user);
+----+----------+----------+------+-------------+----------------+
| id | username | password | age  | phone       | email          |
+----+----------+----------+------+-------------+----------------+
|  1 | rick     | 888888   |   99 | 12341234123 | rick@gmail.com |
+----+----------+----------+------+-------------+----------------+
1 row in set (0.00 sec)
```
